Asc,Asp,Cr,CrCH2,GABA,GPC,GSH,Gln,Glu,H2O,Ins,Lac,NAA,NAAG,PCh,PCr,PE,Scyllo,Tau,MM09,MM12,MM14,MM17,MM20,Lip09,Lip13,Lip20,MM3co,tNAA,Glx,tCho,tCr,GABAplus
0,0.00752269822163471,7.67229530008133e-05,0.000232931691342599,0.0842881881843414,0.000945249183438335,0.270055178450503,0.110806116532851,1.38424576100873,0.0255105549710685,0.00740130056151149,0,1.55401733837222,0.15249416113999,0.000282408721658143,5.18115476354721e-05,0.0306901217726897,0,0.0159500140732304,0.318063154330376,0,0,0,0,6.41662322601534e-18,2.55033208666169e-18,7.21885101100688e-18,0.301523498462612,1.70651149951221,1.49505187754158,0.00122765790509648,0.000128534500636285,0.385811686646953
0,0.00418150393680952,0.0251452132642773,1.47966982483371e-05,0.0630545197973261,0.00961235747387759,0.31479671622127,0.205569862497889,1.34301547730082,3.85607067102577e-10,0.00580533488574143,0,1.77738248600381,0.0811395931347309,0.00194394733765631,0.000206163347200864,0.000485863992391131,1.12975055611352e-06,0,0.304848511232064,0,0,0,0,0,3.1433203457168e-18,0,0.30837412254699,1.85852207913854,1.54858533979871,0.0115563048115339,0.0253513766114782,0.371428642344316
2.61517550040552e-07,0.00595831109134193,0.000394025695484372,0,0.0864524892679751,0.002286518742656,0.184626490466209,0.160364676946199,1.13169860735724,1.41618235703337e-08,0.0231234255599602,0.0511515343973683,1.48504693289158,0.15022230502178,0.00171552146096251,0.000111316309467754,0.0106742745928578,0,0,0.244557172862665,0.00826390127538673,0,0.0113203391751072,0.0117947388761901,0,0,1.47161515033481e-17,0.241519048122257,1.63526923791336,1.29206328430344,0.0040020402036185,0.000505342004952126,0.327971537390232
3.05669271802124e-07,0.0105950561953008,0.000227118224709822,0,0.108843482189314,0.000960805185415999,0.277060358126719,0.249824783457083,1.32699227876825,0.0142456676355459,0.0157200158646923,0,1.50343758206648,0.110506564770072,0.00057507060357059,5.54958784759121e-05,0,3.38291898582391e-09,3.39843474073629e-07,0.279422349103259,0,0,0,0,0,0,7.36659552009082e-19,0.245527086900501,1.61394414683655,1.57681706222534,0.00153587578898659,0.000282614103185734,0.354370569089815
0,0.000495830503272709,0.0118125596710958,0.000103307164728192,0.118262456350601,0.000782360627374172,0.323067408527329,0.296036486970751,1.36672580284408,1.83795493371467e-09,0.00581256300874287,0,1.83047440741527,0.121530207748275,0.0251443478864391,4.14808017963286e-05,4.78343796319682e-05,2.5037759885951e-06,3.25327645171623e-05,0.268783889020117,0,0,0,0,0,8.24749823970801e-19,0,0.300059034809402,1.95200461516354,1.66276228981483,0.0259267085138133,0.0118540404728922,0.418321491160002
0.0022504388447879,0.0061500659639923,0.00847663007870176,0.000160296580673104,0.260040309957229,0.000128225288525872,0.243667452682306,0.328236947144662,1.77381132847846,0.0482985008573605,0.00573138369293427,0.00132450554836355,1.6016796458204,0.180725468400301,0.000397547696567743,0.0354686244805639,0.000706745967842101,5.19079173949169e-05,0.00173137356228692,0.299132794583051,0,0,0,0,0,1.65902295617363e-18,0,0.135386079846803,1.7824051142207,2.10204827562312,0.000525772985093615,0.0439452545592657,0.395426389804032
0.000951773064950147,0.00795768581769019,0,0.000355633622701174,0.140014067777057,0,0.269653203363726,0.212149749492962,1.5929373900686,0,0.00540607429194503,0.00879309661628998,1.57750115142046,0.0883190583352749,0,0,0.000751403872292363,0,0.0013060021893176,0.309733088607186,0,0,0,0,0,3.07968786013869e-18,1.59513786670448e-17,0.202632123212682,1.66582020975573,1.80508713956157,0,0,0.342646190989739
0.0144736459199355,0.0606856750810836,3.43152898440849e-05,3.09042920593781e-05,0.358013298078275,0.00290895816323306,0.226166391469602,0.325835456128658,2.07982347584235,3.00092372985567e-09,0.00286102039748168,0.0650072167501775,1.70163942544707,0.236283798821147,0.00272382655871146,0,0.000496073856872595,0,0.000317298221222235,0.25947931104918,0,0,0.0103732203751543,0,0,1.13983997803587e-17,2.54489890732005e-17,0.117380726937762,1.93792322426821,2.405658931971,0.00563278472194452,3.43152898440849e-05,0.475394025016038
0.00174758627305242,0.00634224580806339,6.56496908119625e-05,0,0.268978696991192,0.00133246697359163,0.268016070074363,0.322833229040444,1.6970215752021,0.00938922591160707,9.96311777324973e-05,0.0110035769426072,1.54213632292459,0.180868034422106,0.0485561495629191,0.0123596983504485,4.95740995965756e-05,0,0.000113320901185818,0.306704063895466,0.00619975379476568,0.0162475590334205,0,0,2.98164770243943e-17,1.9346432574832e-17,2.00808962933863e-17,0.1604646216808,1.7230043573467,2.01985480424254,0.0498886165365107,0.0124253480412605,0.429443318671993
0.000329747475559673,0.00541370047995553,0.000254204604625859,0,0.0890757979831533,0.0612434627344239,0.220446943004308,0.190973296507194,1.24549956405813,3.80879369350047e-07,0.00330183879607748,0.00686084840940549,1.41126879662802,0.0899281224211327,0.00283693527864808,0.0428627048295039,0.000227115330503974,9.24215231491071e-06,0.00021742598221224,0.305978790638555,0,0,0,0,1.74386397618476e-18,0,0,0.225293712288203,1.50119691904915,1.43647286056532,0.0640803980130719,0.0431169094341297,0.314369510271356
0.000787398525808054,0.00557011549060312,0.000284746592922927,2.02003087766901e-05,0.182620346717173,0.0284374411317958,0.240546595429649,0.245703750624892,1.41756687841161,3.24224209640729e-08,0.00146741060408042,0.0634765054870954,1.2908713099097,0.0993548635225372,0.00229926387027627,0.00250516284481762,0,0,6.9148018875114e-05,0.274991579966085,0,0.00398270897981205,0,0.0119075895276284,1.75121108865226e-18,6.43384459890709e-19,1.86911993149813e-18,0.196074337695516,1.39022617343224,1.66327062903651,0.0307367050020721,0.00278990943774055,0.378694684412689
0,0.00675320057099376,0.000328850125434113,0.0467074303243038,0.0950968223839572,0.00313209619772839,0.208218255520839,0.249819520008928,1.22918269094509,7.3526079491017e-09,0.00696722559713166,0.0325586131866192,1.79583006686818,0.0809041233496195,0.00274320436822044,6.38178415075659e-05,0,0,0,0.343102159865561,0,0,0,0,0,8.47994209002395e-17,0,0.295602673450624,1.8767341902178,1.47900221095402,0.00587530056594883,0.000392667966941679,0.390699495834581
0.00370616041117107,0.0169434582397593,1.79239584536222e-05,7.69330381199788e-05,0.339700460683046,0.00213610191880168,0.235079822289316,0.313103164955592,1.86944971560794,7.93990081374451e-10,0.00191599527248794,0.242975541643816,1.61769413833267,0.172437948569933,0.00267735414969752,0.0223285273220002,7.94231422103863e-08,0.000138736928126844,0.00458542502739263,0.305340072177857,0,0,0,0,0,1.52011666103062e-17,0,0.0911129475612586,1.7901320869026,2.18255288056354,0.0048134560684992,0.0223464512804539,0.430813408244304
0.000401869362696488,0.0073724030210521,2.15403831719741e-05,0,0.197706415872723,0.0022790379584249,0.211966339284388,0.247555793199564,1.30413313674855,6.30379109852993e-08,0.00372763215800961,0.117624239728994,1.30175901809188,0.0990580275614396,0.00212775177376015,0,0.0220099056771504,0,0.000200522348715735,0.289392464374718,0,0,0,0,0,6.82276844230985e-18,9.57508070780395e-19,0.231748015327543,1.40081704565332,1.55168892994811,0.00440678973218505,2.15403831719741e-05,0.429454431200266
0,0.00233004356108172,0.0206828286888637,3.91279660273254e-05,0.07923686034593,0.00238367074790649,0.253870844434671,0.288883716333005,1.05375382133532,1.21902334148592e-10,0.00613641952923698,0.0477996131469831,1.52922951357331,0.0817288659187842,0.00198861946246162,3.97195021498469e-05,8.61775772155288e-06,2.51400689271102e-05,1.73074151766492e-05,0.272855658887576,0,0,0,0,5.6062996543675e-18,2.68972681547393e-18,1.00618486881174e-18,0.275763133162137,1.6109583794921,1.34263753766832,0.00437229021036811,0.0207225481910135,0.354999993508067
0,0.0080643166451406,0.000214977877837598,0,0.0923474077808099,0.00274260946862519,0.285432112121356,0.284058812629499,1.22409972528497,0.0118382129366943,0.0235091468852832,0,1.49478329878947,0.133089090656053,0.0156359268990826,0.000165660794119584,9.49282991442681e-05,0,0,0.270051712424001,0,0,0,0,5.28301852007436e-18,4.93140429060075e-19,3.58235597731482e-18,0.279788639904993,1.62787238944552,1.50815853791447,0.0183785363677078,0.000380638671957182,0.372136047685803
0,0.00439190541906589,0.00511332665711523,0.0126836708055525,0.0877710119606941,0.00303643765575976,0.227456331066423,0.260433859228014,1.11957280558801,3.10804999640949e-11,0.00793853465660989,0,1.42249519288473,0.181471964043688,0.00207573606037316,0.0135622361140335,9.1032320880323e-05,2.16552414847469e-05,3.86066578748844e-05,0.296435816546938,0,0,0,0,0,5.04343261061365e-18,1.87388213317628e-17,0.304370979779798,1.60396715692842,1.38000666481602,0.00511217371613292,0.0186755627711488,0.392141991740493
0,0.0111762784690625,0.000455623112436385,0,0.0905172777155607,0.00256525751828598,0.245542384799219,0.134520714189215,1.2650134878885,0.0035515007398519,0.00479319273543618,0.00765087311356592,1.6344414894048,0.152436204506853,0.00123905757937177,0.00870893295030537,0.032050831429808,1.10987097795672e-05,0,0.267276674359965,0,0,0,0,0,1.02130510419135e-17,5.40563952253785e-18,0.261387922386188,1.78687769391165,1.39953420207772,0.00380431509765774,0.00916455606274175,0.351905200101749
0,0.00531907609824259,0.000245143952815803,0.01024661837392,0.060747167482155,0.00235624803557275,0.24995870055222,0.222581600443544,1.02174240759744,8.35504715596758e-15,0.00557682394625197,0,1.57597381447244,0.150996358296662,0.00169607214591238,0.000150680356146382,0.000153790740834638,0,0,0.264620247617827,0,0,0,0,0,8.10897625903636e-18,0,0.262520477605781,1.7269701727691,1.24432400804099,0.00405232018148513,0.000395824308962184,0.323267645087936
0,0.0044998372280578,9.32361756671685e-05,0.000122683676342827,0.0672145498842847,0.00122760630355231,0.241516147099474,0.22114970489617,1.10160767619909,0,0.00634396066977256,0,1.54059751377118,0.174338644419257,0.000606239610888885,3.45589892602184e-05,0.00025118484213065,6.65031695744329e-05,0.00188282566040639,0.24349759902313,0,0.00568300799499466,0.00167630758067587,0,0,0,1.14922070130213e-18,0.28559458539781,1.71493615819044,1.32275738109526,0.00183384591444119,0.000127795164927387,0.352809135282095
0,0.00284739394674812,0.000110703008168517,0,0.0151029816135646,0.0318119970525412,0.252229674862359,0.28297314896063,0.980157555786749,1.76546899796351e-09,0.00732981539959638,0.0239153005898502,1.64480088857204,0.0859354933987457,0.000726146469126484,5.66066299683325e-05,0.0249528771672037,2.14243393045228e-05,0,0.274316396917105,0,0,0,0,6.66353590430136e-18,2.94759011218208e-18,2.82178065992569e-18,0.291525418820087,1.73073638197079,1.26313070474738,0.0325381435216677,0.00016730963813685,0.306628400433652
0.0501518269699433,0.0118302206406632,0.000396509451483815,0,0.0395385355987976,0.00924095699380312,0.204364701760016,0.143978457612442,0.989979804293369,2.12501635766873e-07,0.00623844070117977,4.39353610097598e-06,1.36515238993219,0.169349554145686,0.0138240843244246,0.00036915553407983,0.000135961435868909,0.00142043187440998,6.47801711732299e-05,0.248277216188617,0,0,0,0.016357118961185,2.07002611278727e-17,0,1.41246239892102e-17,0.289133203843275,1.53450194407787,1.13395826190581,0.0230650413182277,0.000765664985563645,0.328671739442072
0,0.00960331379962913,0.000109724078869984,0,0.113054921265499,0.00205523291276297,0.245538901422219,0.212335651255053,1.20303319454834,1.60515860736674e-08,0.00969078034093803,0.0277090515952528,1.33296491800754,0.108221959405908,0.00109636497582296,2.71317810609258e-05,9.42091252929731e-05,7.51790832243047e-05,0.000319333327434519,0.218035706728977,0,0.00280179239403262,0,0,2.38636343179794e-17,3.02659941930838e-17,7.34527803822573e-17,0.21225903533055,1.44118687741344,1.41536884580339,0.00315159788858593,0.00013685585993091,0.32531395659605
0,0.0092831361500068,3.57237199873882e-05,0.0002701218869305,0.0742721730980353,0.00127966048613111,0.288302215381494,0.18954811874577,1.16658445596472,0,0.0107744056363688,0.0989897542362403,1.26668519534057,0.185765281785025,0.000870108337605725,4.97537445991194e-05,0.000387162482700751,0.000381786072229929,0.00532122547747751,0.279386863371415,0,0,0,0,1.94902973091063e-18,0,2.05182823793875e-18,0.276803451224486,1.45245047712559,1.35613257471049,0.00214976882373683,8.54774645865076e-05,0.351075624322521
6.97618949905806e-05,0.00607056302651078,0.000239876370992656,0,0.0815345949596802,0.00212513524714229,0.226172833850478,0.184847969495801,1.20437206011826,1.91797714485995e-09,0.00616478845303512,0,1.42585815608844,0.0928385620488721,0.00167235197705725,9.52465541346265e-05,4.16350949096676e-05,2.33093513139315e-06,1.88092637445622e-05,0.258599432510179,0,0.00278508522435089,0.00497659149929653,0,1.61510899112323e-18,0,0,0.255141302964859,1.51869671813732,1.38922002961406,0.00379748722419953,0.000335122925127282,0.336675897924539
0,0.00625547232275213,3.10713646543168e-06,0.00017267460162088,0.10812500969833,0.0013131840435353,0.260950836438796,0.24559468981183,1.24269831000033,6.99307740353137e-11,0.00832149240517709,0.00524603082342349,1.38999559900746,0.115408141993609,0.0122228990591693,3.46232943920875e-06,3.50380583839199e-05,4.94916769464422e-05,0,0.239820561795381,0,0,0,0,1.18383380928002e-18,5.65506272539978e-19,3.4953486937969e-18,0.244648059585088,1.50540374100107,1.48829299981216,0.0135360831027046,6.56946590464044e-06,0.352773069283418
0.000174615269549313,0.0120127006253329,0.00428584124700921,0.00216200386181407,0.0570950363653105,0.000454214336752216,0.187193230463131,0.172557022852656,1.02013411606262,2.06395292176094e-08,0.000690535090761732,0.0446070024806856,1.372161810984,0.131474329375951,0,8.71296607446525e-05,0.000817191533150173,0,0.00116039998962577,0.220138941047683,0.00452869146739358,0,0,0,4.50554021963463e-18,1.69678522253653e-18,2.04093343040943e-18,0.209119179385684,1.50363614035996,1.19269113891528,0.000454214336752216,0.00437297090775386,0.266214215750995
1.46386578810098e-05,0.00135959223295687,4.91200576020985e-05,0.00723814034244179,0.0799694369927532,0.000256140980389106,0.264931101810091,0.0584781910496912,0.99340092386074,0,0.0110619864081519,0,1.46323557917523,0.125946772845014,0.000143524078506277,0.00795592914229181,0.0012050702407854,0.0103856706705987,0.00176956246099026,0.270119010375077,0,0,0,0,0,5.27307908179984e-19,1.59145235005483e-18,0.292511546778978,1.58918235202024,1.05187911491043,0.000399665058895384,0.0080050491998939,0.372480983771731
0,0.00477441967518836,0.000323637430712376,0.0109392010388548,0.0697578040572867,0.00246286210696152,0.231866295272567,0.235080985904108,1.02804799205529,0.0346123851107422,0.00558786737640446,0,1.28615312934619,0.145484349690249,0.0369017583551486,0.000218202268398154,6.8846466013338e-05,0,0.000348326423665137,0.251878006939765,0,0,0,0,0,9.72151808510235e-18,0,0.228148857699761,1.43163747903644,1.2631289779594,0.0393646204621101,0.00054183969911053,0.297906661757048
3.58770634668649e-07,0.00649240070469175,0.000215110890989591,0,0.0829087391998196,0,0.205827704396862,0.241706697101019,1.11172491725975,5.34575678936054e-08,0.00641957599869503,0.0740441331457467,1.36614429660062,0.095329762789892,0,0.000135451227032482,5.34691921004664e-05,0.00017434624438743,0.000793668944972916,0.224474362664907,0,0,0,0.00707231362246464,5.51251090344772e-19,1.42550141606424e-18,1.15607749213596e-18,0.21200861374739,1.46147405939052,1.35343161436077,0,0.000350562118022073,0.29491735294721
0.00272115178609168,0.00645304432343073,0,0.000144404924624502,0.105537107054174,0.00114813103884104,0.295560008916539,0.183449251440252,1.33622822687882,0.0142979548588687,0.00497086681757744,0.0404735031672534,1.54609930667162,0.0662412534122487,0.000820752998680398,4.27692993820987e-05,0.0123899848543679,5.15341713714913e-06,0.000487015870060108,0.243450365792923,0,0,0,0.00322596401308319,8.9973082196709e-17,0,0,0.181139152396522,1.61234056008387,1.51967747831907,0.00196888403752144,4.27692993820987e-05,0.286676259450696
0,0.00469015983440927,0,0.000599392532522079,0.144626090729479,0,0.326914989487618,0.214438208137488,1.225214745144,3.47008102133506e-10,0.00932255069149093,0,1.60773544440131,0.100594816702125,0.000991252090251111,0.00321795181630447,3.12880800709459e-05,6.57103155523436e-05,0.000595847581555715,0.239585502538273,0,0,0,0,0,0,0,0.211489229939732,1.70833026110344,1.43965295328149,0.000991252090251111,0.00321795181630447,0.356115320669211
0,0.00961812909297925,1.06523448886176e-05,0.000155278550858333,0.117603738203309,0,0.290458084716323,0.203277763493161,1.19888067707941,9.53452347730294e-10,0.00593727613346521,0,1.57825823107896,0.0738394395235926,0,5.39021627532665e-05,0.000162535285846926,0.00013408279022142,0.00101676474557893,0.305270853817231,0,0,0,0,0,6.16327675184888e-19,2.19335696426631e-18,0.240087450243794,1.65209767060255,1.40215844057257,0,6.45545076418841e-05,0.357691188447103
0,0.00646957770710006,0,0.000457373407559631,0.102152208368363,0,0.312823489671888,0.307034695415299,1.18329968913792,2.07885011864191e-11,0.00650425242671622,0,1.43476437602032,0.0493194626491315,0.00705186289867507,0,4.87653248936663e-05,0.000181392670844115,0.000777165096294902,0.215685964558293,0,0,0,0,3.25397178075356e-18,0,0,0.174716547349981,1.48408383866945,1.49033438455322,0.00705186289867507,0,0.276868755718344
0.000701978001162729,0.00644611048732421,0,0.000472348563474337,0.183835473585916,0,0.266931051288915,0.298275761070872,1.42850919524001,3.24203528094285e-10,0.00519798576690339,0,1.67084495473887,0.171006808755201,0,0,0.000395578214286348,8.80199931830657e-06,0.00116211700371376,0.252782977060776,0.0226675525871396,0,0,0.00693959264330789,0,0,2.21804473041042e-17,0.17037186021166,1.84185176349407,1.72678495631088,0,0,0.354207333797576
0,0.00363513447256426,0,0.000449236782562976,0.073934778388291,0,0.274319516090769,0.135321572825205,1.03598659331216,0,0.00696913295108077,0,1.50195639035555,0.0832898842101665,0.00792344586632156,9.73316248054144e-10,0,0.0180620872296395,2.8406534919106e-06,0.216276797428008,6.85873834521377e-05,3.46224938247761e-05,5.30780391608468e-05,3.17349308013377e-05,3.0893928267116e-18,1.13705524104498e-18,0,0.226310852869429,1.58524627456572,1.17130816613736,0.00792344586632156,9.73316248054144e-10,0.30024563125772
0.00112932651580326,0.00710094865916247,0,0.000661370900536631,0.118391656397705,0.00413580546997124,0.306499487237444,0.116362907765236,1.137347720501,0,0.00761009000755823,0,1.55584950064869,0.0686650356809762,0,0,1.23479392637597e-05,8.30728610414742e-05,0.000444480545244033,0.225106699791253,0.000210904796389902,0.000733054866716824,0.00113398550304487,0.000755399819284404,0,9.84431962850708e-16,3.80950202933279e-17,0.21459857630588,1.62451453632967,1.25371062826623,0.00413580546997124,0,0.332990232703585
0,0.00819490498389217,0,0.000417860336051619,0.0990238688116058,0,0.307746140985561,0.153874105873037,1.1271565020799,0,0.00849198870503321,0,1.47815440555506,0.0195697437185102,0,1.43149650030381e-05,0.000154033531242327,0.000192932425743281,0.00155905624780189,0.22297849443782,0,0.000904138473731972,0,0,0,2.3140810337785e-18,0,0.216878961621278,1.49772414927357,1.28103060795294,0,1.43149650030381e-05,0.315902830432883
0,0.00520611209085828,0.018431313747352,0.00075190554271805,0.0405729218109024,0,0.271264967687044,0.107164850659892,1.00519165181818,0,0.00962055360533494,0.0039532259959528,1.59655782436379,0.0133731131525123,0,0,0,0.000259216177817177,0.00202039241847859,0.155737026736277,0,0,0,0,0,2.87131616553228e-18,5.05631147071175e-18,0.177754452721382,1.6099309375163,1.11235650247807,0,0.018431313747352,0.218327374532284
0,0.00813482652967618,0,0.00043279681494,0.156877793828107,0,0.327249635861488,0.188287644468575,1.43248649266155,0,0.0071562815133009,0,1.55796769453979,0.0881657106192736,0.000836133122494047,0,4.5227519871935e-05,0.013909739243439,0.00120474680665661,0.245042219962083,0.0027077393430465,0.00325243851024699,0.00265902090257816,0.00286729484317471,5.69290765883605e-18,1.22844495065372e-18,1.34054818348453e-20,0.219326167765699,1.64613340515907,1.62077413713013,0.000836133122494047,0,0.376203961593806
0,0.0150891062844956,0,0.00990586837681681,0.0328131765327524,0,0.246481017490899,0.0856260987569988,0.90590710985551,7.29585970556595e-10,0.013586627528936,0.00360704820954945,1.46539869402692,0.0781117939468621,0,0.00719261243613259,0.0103663115451159,4.64600709043585e-05,0,0.191750487688084,0,0.000356896667305824,0.000116950656170118,0,0,1.25139713468604e-18,0,0.205356626152964,1.54351048797379,0.991533208612509,0,0.00719261243613259,0.238169802685716
0,0.0059514463175621,0.00869335878926981,0.000477775837356901,0.00241917009954216,0,0.28257112715982,0.280435336533402,1.02440169915792,1.32796394559238e-09,0.0316929560726925,0.00371329840353533,1.61627203237738,0.105887215935837,0,1.59408100625442e-06,2.35627259513627e-08,6.17976623231515e-05,0.0017253103127094,0.196488630116799,0,0,0,0,6.8876490072533e-18,3.42545845410311e-18,0,0.237848229500083,1.72215924831322,1.30483703569132,0,0.00869495287027607,0.240267399599625
3.57270854322002e-05,0,5.38429476842722e-05,6.1629712099047e-05,0.0434351647737572,0.00157298687357098,0.171778222384961,0.165499777428527,0.750481962604117,7.38558827450819e-09,0.00443661456830766,0.0289279857659693,1.33094150590163,0.141590845736884,0.00118243804091141,5.29866522686945e-06,5.21764388683316e-06,2.56115256777156e-06,0.000101194231894365,0.18757284137808,0,0.00284126972250501,0.00173769681531329,0.00371251632407859,1.50259236508863e-17,0,0,0.233840806343745,1.47253235163852,0.915981740032643,0.0027554249144824,5.91416129111417e-05,0.277275971117502
0,0.000608002571557102,0.0120858953262853,3.19925518032793e-05,0.0440256208199186,0.000754764809738857,0.216354823767768,0.163765716722368,0.755285149935919,6.27594186975729e-08,0.0039961848637449,0.0301471416861963,1.27462141997551,0.0697725982576767,0.000552445832308535,8.51418079365992e-06,0.000189133205924059,0.0180997489497688,0.000913459163924839,0.19595181006491,0,0,0,0,0,1.33662748551401e-17,0,0.233681760485273,1.34439401823319,0.919050866658287,0.00130721064204739,0.012094409507079,0.277707381305191
5.71832850394102e-06,0,2.19811052152767e-05,8.77464300115323e-05,0.0234706254756527,0.00126766851466734,0.202968072005974,0.155077517490277,0.677422075325672,6.40434648843016e-10,0.00385759253054816,0.0394723988002125,1.24296531480748,0.0828282813898966,0.00124288823314194,0,8.39663591819073e-05,3.82920670710819e-05,1.2451247355487e-06,0.200511619738167,0.0120542474863927,0,0,0,0,6.01110387061855e-18,0,0.243533112245953,1.32579359619738,0.832499592815949,0.00251055674780928,2.19811052152767e-05,0.267003737721606
2.65952251959246e-05,0.000309341280093461,1.6710530431218e-05,4.30563077938866e-05,0.0598772136611361,0.00143560658970394,0.200374290825507,0.138757893022456,0.790423293595891,0.00896553314786153,0.00449497153981568,0,1.33634562818658,0.112990991429631,0.000913770496221532,0,0.00626625631794919,0.00535632295782243,5.12739545936304e-08,0.189468046395333,0,0,0,0,0,1.00484545473275e-18,0,0.244298681554643,1.44933661961621,0.929181186618348,0.00234937708592547,1.6710530431218e-05,0.304175895215779
0,0,0.0175214334862969,0.000165798223913149,0.0328250726672544,0.00940975922983643,0.202982374249789,0.129007081373915,0.631523758584769,0.000963917225913861,0.00451417099771912,0.0241816431297917,1.16550173576109,0.0747375557295911,0.000217311998430735,0,8.51718986677437e-05,2.4842982790377e-05,7.88324177086327e-05,0.198617875318801,0.00373858175525743,0,0,0.00807391535761152,0,5.31911176886436e-18,0,0.23418796817597,1.24023929149068,0.760530839958684,0.00962707122826716,0.0175214334862969,0.267013040843224
5.45933025903604e-05,0,1.08307625068359e-05,0.000112893107688634,0.0401818741614613,0.00164552426374988,0.180522456169978,0.130386251050954,0.692886026922268,4.12516486219671e-09,0.00363541164650221,0,1.29401292177162,0.0834519681373879,0.00112476690977822,0,6.22013650289186e-05,5.37857352189266e-06,0.000516197806127326,0.211884404028893,0,0.0261032743802774,0,0,0,0,6.54848133806665e-18,0.262138519380082,1.37746488990901,0.823272277973222,0.0027702911735281,1.08307625068359e-05,0.302320393541544
0.00578226975290203,0,0.0119365831482813,0.000156279064784914,0.0673656401392035,0.000959795800760992,0.194770574133772,0.134291684691073,0.730600908240494,1.36535763531301e-09,0.0136068732926882,0,1.24863476949939,0.157611424964253,0.0012553887451602,4.09757401469075e-06,1.20814980778149e-05,0.0344814594804658,9.4143624170736e-06,0.214635486897469,0.0218947757293517,0,0,0,9.48950795741308e-18,3.66025934922399e-19,3.18908559916143e-18,0.254956160708708,1.40624619446364,0.864892592931568,0.0022151845459212,0.011940680722296,0.322321800847912
0,0,0.000126104664497926,0.000111729820688199,0.0611254501016241,0.00745993013581245,0.242215463494278,0.168147207631353,1.17420029487921,2.19977816523208e-08,0.00577943391763706,0.0142706951590093,1.48083589437633,0.112121890908481,0.0201652761280675,0.000117681974834817,0.000533443531705826,6.98063233568296e-05,0.00105815444696108,0.273624241677516,0,0,0,0,7.38662210106385e-18,0,3.15296193314805e-18,0.24609483676606,1.59295778528481,1.34234750251056,0.0276252062638799,0.000243786639332742,0.307220286867684
0,0,0.0314852899275425,7.12726492280626e-05,0.0497121099469155,0.00179968398823495,0.221047042851287,0.138450455719811,1.05754616585421,0.00675392664078212,0.0053599621769227,0.0187934642882692,1.4699436622671,0.188436496473907,0.00137354870645183,0.00011033309937085,0,3.32460991614211e-06,9.32253969502087e-05,0.301464707585922,0,0,0,0,4.07653041590738e-19,2.04641795530205e-17,0,0.267673575559657,1.65838015874101,1.19599662157403,0.00317323269468677,0.0315956230269134,0.317385685506573
0.000182849092722586,0,0.000168522069535769,0,0.0592664594371706,0.00227860830989388,0.21139525573435,0.245676297689704,1.14684315349563,2.70167293300229e-08,0.00429680308997629,0.0454521676740618,1.54668406895641,0.114056486232509,0.00178275435775978,0.0076656664827717,6.22597167378821e-08,0,2.49720689416262e-05,0.316452964928677,0,0,0,0,6.36752875428953e-17,3.96523704975259e-17,3.74628622163079e-17,0.277687710240669,1.66074055518891,1.39251945118533,0.00406136266765366,0.00783418855230747,0.33695416967784
0.0272533701570154,0.00573271040530861,7.34508094589378e-06,0.0154593280859738,0.0543788797394662,0.00123001867536315,0.237329079457926,0.223086985650575,1.04462845809925,3.57378971049938e-09,0.00413676905375493,0.000300022392011121,1.59460082872486,0.0802435245490365,0.00112969848050141,1.47316155762173e-06,0.0251698781584906,1.03839884058704e-06,7.54183456791854e-06,0.291594268578429,0,0,0,0,7.51883280845103e-18,1.23920089557194e-17,4.20403929517052e-18,0.294218620013948,1.6748443532739,1.26771544374982,0.00235971715586456,8.81824250351551e-06,0.348597499753414
0,0.00239447059708684,0.0157509620746988,2.56486967219602e-06,0.075413353703557,0.0262304315977678,0.234153929755279,0.210792638287805,1.24033195426001,5.75442893894324e-09,0.00571102989985944,0.15771335372601,1.57099056705992,0.127377344546199,0.00188614651878438,0.00408565571108091,0.00412683265607629,2.52869433264235e-06,0.000734777843650967,0.295723510596472,0,0.00195243862497619,0,0.00873384978843264,0,0,8.45148779646677e-17,0.27564446898902,1.69836791160612,1.45112459254781,0.0281165781165522,0.0198366177857797,0.351057822692577
0.000247231096446866,0,9.2157105227302e-06,0.000198112381813233,0.0884597621521611,0.000939192157469304,0.220098533260626,0.0677986159492859,1.10082119919194,7.89518096415557e-09,0.00569084775441034,0,1.45251416550551,0.101363393392016,0.000635456732408152,0.00316647823978128,0.000109482122371438,5.0845245579564e-05,0.000711094976250342,0.296538209741063,0,0,0,0,0,0,7.60968640003427e-20,0.295300329292497,1.55387755889752,1.16861981514123,0.00157464888987746,0.00317569395030401,0.383760091444658
0.000309525275572339,0.000431405532579234,1.56075181767295e-05,0.000150751532955705,0.0849607009490806,0.00945566590169556,0.225003014460336,0.179153203140192,1.0697362603346,2.18962642332364e-09,0.0140795275376796,0,1.4916038780502,0.101030926456803,0.00200175283563725,2.92840937374885e-05,0.000178240806079871,0.00320670618367186,0.00570640474555267,0.271419447613356,0,0,0,0,1.75026856078884e-17,2.91657470326402e-18,2.59931153422254e-18,0.249114388073211,1.592634804507,1.2488894634748,0.0114574187373328,4.4891611914218e-05,0.334075089022291
0,0.00113934154231989,0.000194479840679569,0.00011004417885062,0.107849811346727,0.00021441060664228,0.260093424056784,0.23652537278253,1.18011452108823,4.09440137342154e-10,0.00578260948398917,0.0295326386486931,1.54348930239353,0.118137593999796,0.00025110913840894,2.17010854695653e-05,0.000138416881428222,3.7108006217206e-08,0.00017990559180232,0.260167914184017,0.0114204138908206,0,0.00947519495913276,0,0,5.4023544292296e-17,3.51993904317006e-17,0.255164765451199,1.66162689639332,1.41663989387076,0.00046551974505122,0.000216180926149134,0.363014576797926
0,0.00234951247500598,6.3663894391542e-05,2.22675240746249e-05,0.0891524707787082,0.0236474860581194,0.209866723724478,0.142042931927294,1.22225164553955,5.76168453261254e-09,0.00625913860553457,0,1.58210499370096,0.107802858495161,0.00232171608154024,4.84575082378835e-05,8.64010275887252e-05,0,0.000227324467195139,0.276691344593864,0,0,0,0,8.51166249176441e-18,5.2873602525465e-18,0,0.299331770211695,1.68990785219612,1.36429457746684,0.0259692021396596,0.000112121402629425,0.388484240990404
0,0.00411305384118705,5.87573139986812e-05,0.000170371397957207,0.0531968724588583,0.00121490138905656,0.237103984895956,0.186745700389669,1.13469252063923,1.73820911389821e-08,0.0110351628456001,0.0529218653396553,1.56815511194335,0.10280713284446,0.00105345786389804,8.2735748855679e-05,6.19292985247715e-05,0.00737823975301202,0.000865550920850507,0.268176940294345,0,0,0,0,3.53554465770604e-17,3.79834336034209e-17,0,0.259137457209473,1.67096224478781,1.3214382210289,0.0022683592529546,0.00014149306285436,0.312334329668331
0,0.00800993625257761,0.000104043895749118,0,0.0684427179040806,0.00168173973197023,0.237953657491568,0.148729175458553,1.08814702019924,1.54100309060732e-12,0.00371510370618522,0,1.58502458715954,0.160723057594063,0.00106308289130083,0.0266424706496088,8.78204689278947e-05,0,0,0.268638582584688,0,0,0,0,3.78807174163748e-18,2.80276929488229e-18,1.07935767542475e-18,0.292386561040282,1.7457476447536,1.23687619565779,0.00274482262327106,0.026746514545358,0.360829278944363
0,0.00181812248482122,0.00403465416842129,0.000136261655190534,0.0426475330907025,0.00468680547185736,0.17297521429968,0.156385974757738,0.917077894806807,1.16437182959995e-08,0.0210984408481684,0,1.27656086519788,0.149757080297773,0.000849954396414364,5.06602339595818e-05,0.0005190369786481,0.000111869227160735,0.000485403170910929,0.23502158500902,0.000745397246232424,0,0,0.000177270995110788,1.79296291198118e-17,3.6935104471452e-18,4.87230161557438e-17,0.194546419578453,1.42631794549565,1.07346386956454,0.00553675986827172,0.00408531440238087,0.237193952669156
